serialNumber,specVersion,name,subName,description,author,type,defaultLocale,product,square,hero,gallery 1,gallery 2,gallery 3,gallery 4,gallery 5,gallery 6,gallery 7,gallery 8,gallery 9,gallery 10,gallery 11,gallery 12,Att Name 1,Att Val 1,Att Name 2,Att Val 2,Att Name 3,Att Val 3,Att Name 4,Att Val 4,Att Name 5,Att Val 5,Att Name 6,Att Val 6,Att Name 7,Att Val 7,Att Name 8,Att Val 8,Att Name 9,Att Val 9,Att Name 10,Att Val 10,Att Name 11,Att Val 11,Att Name 12,Att Val 12,properties
default,0.1,EUF 000,EUF,Example # 000,Rami James,collectible,en-US,001/uniq.png,000/square.png,000/hero.png,000/gallery/media-01.png,,,,,,,,,,,,background color,orange,health,100,,,,,,,,,,,,,,,,,,,,,
1,0.1,EUF 001,EUF,Example #001,Rami James,collectible,en-US,001/uniq.png,001/square.png,001/hero.png,001/gallery/media-01.png,,,,,,,,,,,,background color,orange,health,56,,,,,,,,,,,,,,,,,,,,,
2,0.1,EUF 002,EUF,Example #002,Rami James,collectible,en-US,002/uniq.png,002/square.png,002/hero.png,002/gallery/media-01.png,,,,,,,,,,,,background color,green,health,232,,,,,,,,,,,,,,,,,,,,,
3,0.1,EUF 003,EUF,Example #003,Rami James,collectible,en-US,003/uniq.png,003/square.png,003/hero.png,003/gallery/media-01.png,,,,,,,,,,,,background color,purple,health,42,,,,,,,,,,,,,,,,,,,,,
4,0.1,EUF 004,EUF,Example #004,Rami James,collectible,en-US,004/uniq.png,004/square.png,004/hero.png,004/gallery/media-01.png,,,,,,,,,,,,background color,blue,health,57,,,,,,,,,,,,,,,,,,,,,
5,0.1,EUF 005,EUF,Example #005,Rami James,collectible,en-US,005/uniq.png,005/square.png,005/hero.png,005/gallery/media-01.png,,,,,,,,,,,,background color,red,health,76,,,,,,,,,,,,,,,,,,,,,